x,y,VBM,CBM,BandGap
1.0,1.0,-1.0427256251938313,0.7420165431101624,1.7847421683039937
2.0,1.0,-1.0423457647762002,0.7421177512591887,1.7844635160353888
3.0,1.0,-1.0427539992669657,0.7420078604824462,1.7847618597494117
4.0,1.0,-1.042900257526074,0.7419600790744213,1.7848603366004951
5.0,1.0,-1.042900257526074,0.7419600790744213,1.7848603366004951
6.0,1.0,-1.0425795290508841,0.7420567518402063,1.7846362808910903
7.0,1.0,-1.0423715540719607,0.742110997290091,1.7844825513620517
8.0,1.0,-1.0429212982061031,0.7419529368932039,1.784874235099307
9.0,1.0,-1.0427539992669657,0.7420078604824462,1.7847618597494117
10.0,1.0,-1.0427539992669657,0.7420078604824462,1.7847618597494117
11.0,1.0,-1.041845547479828,0.7422494444297308,1.784094991909559
12.0,1.0,-1.0419779079667775,0.7422154477416448,1.7841933557084224
13.0,1.0,-1.04277805407539,0.7420004903822578,1.7847785444576476
14.0,1.0,-1.0429212982061031,0.7419529368932039,1.784874235099307
15.0,1.0,-1.0429212982061031,0.7419529368932039,1.784874235099307
16.0,1.0,-1.04277805407539,0.7420004903822578,1.7847785444576476
17.0,1.0,-1.0427264976542765,0.7420162786896279,1.7847427763439043
18.0,1.0,-1.0429212982061031,0.7419529368932039,1.784874235099307
19.0,1.0,-1.042900257526074,0.7419600790744213,1.7848603366004951
20.0,1.0,-1.04277805407539,0.7420004903822578,1.7847785444576476
21.0,1.0,-1.042900257526074,0.7419600790744213,1.7848603366004951
22.0,1.0,-1.0429212982061031,0.7419529368932039,1.784874235099307
23.0,1.0,-1.0427539992669657,0.7420078604824462,1.7847618597494117
24.0,1.0,-1.0427539992669657,0.7420078604824462,1.7847618597494117
25.0,1.0,-1.0429212982061031,0.7419529368932039,1.784874235099307
26.0,1.0,-1.0429212982061031,0.7419529368932039,1.784874235099307
27.0,1.0,-1.042900257526074,0.7419600790744213,1.7848603366004951
28.0,1.0,-1.0415885762616295,0.7422494521250833,1.7838380283867128
29.0,1.0,-1.0409079057913404,0.7422302646091284,1.783138170400469
30.0,1.0,-1.0410634684349416,0.7422346484313652,1.7832981168663067
31.0,1.0,-1.0406509351511974,0.7422230198577683,1.7828739550089656
32.0,1.0,-1.0404790355684868,0.7422181706580222,1.782697206226509
33.0,1.0,-1.0417071778968143,0.7422527891202133,1.7839599670170276
1.0,2.0,-1.0407153836177976,0.7422248404940189,1.7829402241118166
2.0,2.0,-1.0418713384343865,0.7422424324500797,1.784113770884466
3.0,2.0,-1.0425537552404769,0.7420634560906515,1.7846172113311285
4.0,2.0,-1.0429290687699833,0.7419502821019935,1.784879350871977
5.0,2.0,-1.0427539992669657,0.7420078604824462,1.7847618597494117
6.0,2.0,-1.0422400518762864,0.7421455739027232,1.7843856257790096
7.0,2.0,-1.0427608672361781,0.742005764326081,1.7847666315622592
8.0,2.0,-1.042966986196851,0.7419373398527555,1.7849043260496065
9.0,2.0,-1.0429228681230789,0.7419523950526193,1.7848752631756981
10.0,2.0,-1.042905715577839,0.741958229627777,1.784863945205616
11.0,2.0,-1.042905715577839,0.741958229627777,1.784863945205616
12.0,2.0,-1.042900257526074,0.7419600790744213,1.7848603366004951
13.0,2.0,-1.0428029863033783,0.7419927537025877,1.784795740005966
14.0,2.0,-1.042900257526074,0.7419600790744213,1.7848603366004951
15.0,2.0,-1.042900257526074,0.7419600790744213,1.7848603366004951
16.0,2.0,-1.042900257526074,0.7419600790744213,1.7848603366004951
17.0,2.0,-1.0429212982061031,0.7419529368932039,1.784874235099307
18.0,2.0,-1.0429445794657606,0.7419450053122074,1.784889584777968
19.0,2.0,-1.0429212982061031,0.7419529368932039,1.784874235099307
20.0,2.0,-1.042900257526074,0.7419600790744213,1.7848603366004951
21.0,2.0,-1.04277805407539,0.7420004903822578,1.7847785444576476
22.0,2.0,-1.04277805407539,0.7420004903822578,1.7847785444576476
23.0,2.0,-1.0429445794657606,0.7419450053122074,1.784889584777968
24.0,2.0,-1.042900257526074,0.7419600790744213,1.7848603366004951
25.0,2.0,-1.042900257526074,0.7419600790744213,1.7848603366004951
26.0,2.0,-1.0429158509445644,0.741954784567618,1.7848706355121824
27.0,2.0,-1.0406483523919074,0.7422229463230304,1.7828712987149378
28.0,2.0,-1.042688691533452,0.7420278626123933,1.7847165541458452
29.0,2.0,-1.040630308771455,0.7422224300230659,1.7828527387945208
30.0,2.0,-1.0408812693472267,0.7422295216002206,1.7831107909474473
31.0,2.0,-1.0412379405811076,0.7422395586320663,1.783477499213174
32.0,2.0,-1.0409878375406685,0.7422325184382402,1.7832203559789086
33.0,2.0,-1.0407970431016984,0.7422271422714227,1.783024185373121
1.0,3.0,-1.0406741396906665,0.7422236667010337,1.7828978063917003
2.0,3.0,-1.0429212982061031,0.7419529368932039,1.784874235099307
3.0,3.0,-1.0429212982061031,0.7419529368932039,1.784874235099307
4.0,3.0,-1.0429212982061031,0.7419529368932039,1.784874235099307
5.0,3.0,-1.0427711722481294,0.7420025865384615,1.7847737587865908
6.0,3.0,-1.042900257526074,0.7419600790744213,1.7848603366004951
7.0,3.0,-1.0429212982061031,0.7419529368932039,1.784874235099307
8.0,3.0,-1.04277805407539,0.7420004903822578,1.7847785444576476
9.0,3.0,-1.04277805407539,0.7420004903822578,1.7847785444576476
10.0,3.0,-1.042900257526074,0.7419600790744213,1.7848603366004951
11.0,3.0,-1.0429212982061031,0.7419529368932039,1.784874235099307
12.0,3.0,-1.0429212982061031,0.7419529368932039,1.784874235099307
13.0,3.0,-1.042900257526074,0.7419600790744213,1.7848603366004951
14.0,3.0,-1.0429445794657606,0.7419450053122074,1.784889584777968
15.0,3.0,-1.0429212982061031,0.7419529368932039,1.784874235099307
16.0,3.0,-1.0429212982061031,0.7419529368932039,1.784874235099307
17.0,3.0,-1.0429212982061031,0.7419529368932039,1.784874235099307
18.0,3.0,-1.0429212982061031,0.7419529368932039,1.784874235099307
19.0,3.0,-1.042900257526074,0.7419600790744213,1.7848603366004951
20.0,3.0,-1.042900257526074,0.7419600790744213,1.7848603366004951
21.0,3.0,-1.042900257526074,0.7419600790744213,1.7848603366004951
22.0,3.0,-1.0427711722481294,0.7420025865384615,1.7847737587865908
23.0,3.0,-1.0429212982061031,0.7419529368932039,1.784874235099307
24.0,3.0,-1.0429445794657606,0.7419450053122074,1.784889584777968
25.0,3.0,-1.0429212982061031,0.7419529368932039,1.784874235099307
26.0,3.0,-1.0429212982061031,0.7419529368932039,1.784874235099307
27.0,3.0,-1.0429212982061031,0.7419529368932039,1.784874235099307
28.0,3.0,-1.0405383426934616,0.742219857050718,1.7827581997441797
29.0,3.0,-1.0408571976318015,0.742228839832258,1.7830860374640594
30.0,3.0,-1.040870938093815,0.7422292285320037,1.7831001666258186
31.0,3.0,-1.040677582872383,0.7422237812538962,1.7829013641262792
32.0,3.0,-1.0423405922952003,0.7421191134592781,1.7844597057544784
33.0,3.0,-1.042040622074861,0.7421985659317168,1.7842391880065778
1.0,4.0,-1.0425468806387586,0.7420652322264367,1.7846121128651953
2.0,4.0,-1.0429212982061031,0.7419529368932039,1.784874235099307
3.0,4.0,-1.0429212982061031,0.7419529368932039,1.784874235099307
4.0,4.0,-1.0429212982061031,0.7419529368932039,1.784874235099307
5.0,4.0,-1.042900257526074,0.7419600790744213,1.7848603366004951
6.0,4.0,-1.0429158509445644,0.741954784567618,1.7848706355121824
7.0,4.0,-1.042905715577839,0.741958229627777,1.784863945205616
8.0,4.0,-1.0427539992669657,0.7420078604824462,1.7847618597494117
9.0,4.0,-1.04277805407539,0.7420004903822578,1.7847785444576476
10.0,4.0,-1.042900257526074,0.7419600790744213,1.7848603366004951
11.0,4.0,-1.0429212982061031,0.7419529368932039,1.784874235099307
12.0,4.0,-1.042900257526074,0.7419600790744213,1.7848603366004951
13.0,4.0,-1.04277805407539,0.7420004903822578,1.7847785444576476
14.0,4.0,-1.0429212982061031,0.7419529368932039,1.784874235099307
15.0,4.0,-1.042900257526074,0.7419600790744213,1.7848603366004951
16.0,4.0,-1.04277805407539,0.7420004903822578,1.7847785444576476
17.0,4.0,-1.0423388781125948,0.7421195637421231,1.784458441854718
18.0,4.0,-1.0429445794657606,0.7419450053122074,1.784889584777968
19.0,4.0,-1.042900257526074,0.7419600790744213,1.7848603366004951
20.0,4.0,-1.042905715577839,0.741958229627777,1.784863945205616
21.0,4.0,-1.0425477300087682,0.7420650226540026,1.7846127526627709
22.0,4.0,-1.0421360632443162,0.7421730922873065,1.7843091555316226
23.0,4.0,-1.0427539992669657,0.7420078604824462,1.7847618597494117
24.0,4.0,-1.0429212982061031,0.7419529368932039,1.784874235099307
25.0,4.0,-1.0429212982061031,0.7419529368932039,1.784874235099307
26.0,4.0,-1.0427539992669657,0.7420078604824462,1.7847618597494117
27.0,4.0,-1.0425477300087682,0.7420650226540026,1.7846127526627709
28.0,4.0,-1.0425709339731426,0.7420589807422117,1.7846299147153544
29.0,4.0,-1.040951739770286,0.7422315060577507,1.7831832458280368
30.0,4.0,-1.040436073097981,0.7422169579468046,1.7826530310447857
31.0,4.0,-1.040436073097981,0.7422169579468046,1.7826530310447857
32.0,4.0,-1.0406225690587485,0.7422222219558131,1.7828447910145617
33.0,4.0,-1.040802202418375,0.7422272861325104,1.7830294885508855
1.0,5.0,-1.0408571976318015,0.742228839832258,1.7830860374640594
2.0,5.0,-1.042900257526074,0.7419600790744213,1.7848603366004951
3.0,5.0,-1.042967746231142,0.7419370723707734,1.7849048186019154
4.0,5.0,-1.042900257526074,0.7419600790744213,1.7848603366004951
5.0,5.0,-1.04277805407539,0.7420004903822578,1.7847785444576476
6.0,5.0,-1.0427539992669657,0.7420078604824462,1.7847618597494117
7.0,5.0,-1.0424402943415376,0.7420930065010263,1.784533300842564
8.0,5.0,-1.042900257526074,0.7419600790744213,1.7848603366004951
9.0,5.0,-1.0429212982061031,0.7419529368932039,1.784874235099307
10.0,5.0,-1.0429212982061031,0.7419529368932039,1.784874235099307
11.0,5.0,-1.0423887338239026,0.7421064964427758,1.7844952302666783
12.0,5.0,-1.0423629422876315,0.7421132488621582,1.7844761911497897
13.0,5.0,-1.042900257526074,0.7419600790744213,1.7848603366004951
14.0,5.0,-1.0429212982061031,0.7419529368932039,1.784874235099307
15.0,5.0,-1.04277805407539,0.7420004903822578,1.7847785444576476
16.0,5.0,-1.0423715540719607,0.742110997290091,1.7844825513620517
17.0,5.0,-1.0421884688037442,0.742159199078517,1.7843476678822612
18.0,5.0,-1.0427093047187552,0.7420215383579887,1.784730843076744
19.0,5.0,-1.0429212982061031,0.7419529368932039,1.784874235099307
20.0,5.0,-1.042900257526074,0.7419600790744213,1.7848603366004951
21.0,5.0,-1.0429158509445644,0.741954784567618,1.7848706355121824
22.0,5.0,-1.0427282261793331,0.7420157450787614,1.7847439712580946
23.0,5.0,-1.04277805407539,0.7420004903822578,1.7847785444576476
24.0,5.0,-1.04277805407539,0.7420004903822578,1.7847785444576476
25.0,5.0,-1.042900257526074,0.7419600790744213,1.7848603366004951
26.0,5.0,-1.0429212982061031,0.7419529368932039,1.784874235099307
27.0,5.0,-1.04277805407539,0.7420004903822578,1.7847785444576476
28.0,5.0,-1.0407067944742037,0.7422245911348002,1.7829313856090039
29.0,5.0,-1.0411992444319143,0.7422384717932979,1.7834377162252122
30.0,5.0,-1.0410076063850782,0.7422330792184018,1.78324068560348
31.0,5.0,-1.0425709339731426,0.7420589807422117,1.7846299147153544
32.0,5.0,-1.0411262073515233,0.7422364122876844,1.7833626196392078
33.0,5.0,-1.0406371884004038,0.7422226431470901,1.7828598315474937
1.0,6.0,-1.0410978466188139,0.7422356210498048,1.7833334676686188
2.0,6.0,-1.0425709339731426,0.7420589807422117,1.7846299147153544
3.0,6.0,-1.0429212982061031,0.7419529368932039,1.784874235099307
4.0,6.0,-1.0429212982061031,0.7419529368932039,1.784874235099307
5.0,6.0,-1.042900257526074,0.7419600790744213,1.7848603366004951
6.0,6.0,-1.0425477300087682,0.7420650226540026,1.7846127526627709
7.0,6.0,-1.0422056770381063,0.7421546452166682,1.7843603222547744
8.0,6.0,-1.04277805407539,0.7420004903822578,1.7847785444576476
9.0,6.0,-1.0429212982061031,0.7419529368932039,1.784874235099307
10.0,6.0,-1.0429445794657606,0.7419450053122074,1.784889584777968
11.0,6.0,-1.0425709339731426,0.7420589807422117,1.7846299147153544
12.0,6.0,-1.0427539992669657,0.7420078604824462,1.7847618597494117
13.0,6.0,-1.042900257526074,0.7419600790744213,1.7848603366004951
14.0,6.0,-1.042900257526074,0.7419600790744213,1.7848603366004951
15.0,6.0,-1.0429212982061031,0.7419529368932039,1.784874235099307
16.0,6.0,-1.042900257526074,0.7419600790744213,1.7848603366004951
17.0,6.0,-1.0429212982061031,0.7419529368932039,1.784874235099307
18.0,6.0,-1.042900257526074,0.7419600790744213,1.7848603366004951
19.0,6.0,-1.0429212982061031,0.7419529368932039,1.784874235099307
20.0,6.0,-1.0429212982061031,0.7419529368932039,1.784874235099307
21.0,6.0,-1.0427539992669657,0.7420078604824462,1.7847618597494117
22.0,6.0,-1.042900257526074,0.7419600790744213,1.7848603366004951
23.0,6.0,-1.042900257526074,0.7419600790744213,1.7848603366004951
24.0,6.0,-1.0429212982061031,0.7419529368932039,1.784874235099307
25.0,6.0,-1.0429158509445644,0.741954784567618,1.7848706355121824
26.0,6.0,-1.0429212982061031,0.7419529368932039,1.784874235099307
27.0,6.0,-1.0428029863033783,0.7419927537025877,1.784795740005966
28.0,6.0,-1.0405383426934616,0.742219857050718,1.7827581997441797
29.0,6.0,-1.040630308771455,0.7422224300230659,1.7828527387945208
30.0,6.0,-1.0407437454539303,0.7422256333529945,1.782969378806925
31.0,6.0,-1.0418025813508958,0.7422554912712703,1.784058072622166
32.0,6.0,-1.0412379405811076,0.7422395586320663,1.783477499213174
33.0,6.0,-1.0417922627136325,0.7422551964072919,1.7840474591209243
1.0,7.0,-1.0412379405811076,0.7422395586320663,1.783477499213174
2.0,7.0,-1.0424153735113677,0.7420995321428053,1.7845149056541731
3.0,7.0,-1.042900257526074,0.7419600790744213,1.7848603366004951
4.0,7.0,-1.0429212982061031,0.7419529368932039,1.784874235099307
5.0,7.0,-1.042900257526074,0.7419600790744213,1.7848603366004951
6.0,7.0,-1.042900257526074,0.7419600790744213,1.7848603366004951
7.0,7.0,-1.0429212982061031,0.7419529368932039,1.784874235099307
8.0,7.0,-1.0429212982061031,0.7419529368932039,1.784874235099307
9.0,7.0,-1.04277805407539,0.7420004903822578,1.7847785444576476
10.0,7.0,-1.0427539992669657,0.7420078604824462,1.7847618597494117
11.0,7.0,-1.0428029863033783,0.7419927537025877,1.784795740005966
12.0,7.0,-1.0429212982061031,0.7419529368932039,1.784874235099307
13.0,7.0,-1.0427539992669657,0.7420078604824462,1.7847618597494117
14.0,7.0,-1.042900257526074,0.7419600790744213,1.7848603366004951
15.0,7.0,-1.0429445794657606,0.7419450053122074,1.784889584777968
16.0,7.0,-1.042900257526074,0.7419600790744213,1.7848603366004951
17.0,7.0,-1.0427539992669657,0.7420078604824462,1.7847618597494117
18.0,7.0,-1.04277805407539,0.7420004903822578,1.7847785444576476
19.0,7.0,-1.0429212982061031,0.7419529368932039,1.784874235099307
20.0,7.0,-1.0429212982061031,0.7419529368932039,1.784874235099307
21.0,7.0,-1.0429445794657606,0.7419450053122074,1.784889584777968
22.0,7.0,-1.0427711722481294,0.7420025865384615,1.7847737587865908
23.0,7.0,-1.0429212982061031,0.7419529368932039,1.784874235099307
24.0,7.0,-1.0429158509445644,0.741954784567618,1.7848706355121824
25.0,7.0,-1.04277805407539,0.7420004903822578,1.7847785444576476
26.0,7.0,-1.042900257526074,0.7419600790744213,1.7848603366004951
27.0,7.0,-1.04277805407539,0.7420004903822578,1.7847785444576476
28.0,7.0,-1.0410204737551383,0.7422334312397348,1.783253904994873
29.0,7.0,-1.0420621274916124,0.7421927186918146,1.7842548461834271
30.0,7.0,-1.0408967341046982,0.7422299602946254,1.7831266943993236
31.0,7.0,-1.0411992444319143,0.7422384717932979,1.7834377162252122
32.0,7.0,-1.0414966168211652,0.7422468704219206,1.7837434872430857
33.0,7.0,-1.041791409520856,0.7422551718185044,1.7840465813393604
1.0,8.0,-1.0418369655312407,0.7422517538334303,1.784088719364671
2.0,8.0,-1.042900257526074,0.7419600790744213,1.7848603366004951
3.0,8.0,-1.042900257526074,0.7419600790744213,1.7848603366004951
4.0,8.0,-1.0429212982061031,0.7419529368932039,1.784874235099307
5.0,8.0,-1.0427539992669657,0.7420078604824462,1.7847618597494117
6.0,8.0,-1.0429212982061031,0.7419529368932039,1.784874235099307
7.0,8.0,-1.04277805407539,0.7420004903822578,1.7847785444576476
8.0,8.0,-1.0429212982061031,0.7419529368932039,1.784874235099307
9.0,8.0,-1.0429158509445644,0.741954784567618,1.7848706355121824
10.0,8.0,-1.042905715577839,0.741958229627777,1.784863945205616
11.0,8.0,-1.042900257526074,0.7419600790744213,1.7848603366004951
12.0,8.0,-1.04277805407539,0.7420004903822578,1.7847785444576476
13.0,8.0,-1.0427539992669657,0.7420078604824462,1.7847618597494117
14.0,8.0,-1.042900257526074,0.7419600790744213,1.7848603366004951
15.0,8.0,-1.0427024314326958,0.7420236583126205,1.7847260897453163
16.0,8.0,-1.0427539992669657,0.7420078604824462,1.7847618597494117
17.0,8.0,-1.0427539992669657,0.7420078604824462,1.7847618597494117
18.0,8.0,-1.042900257526074,0.7419600790744213,1.7848603366004951
19.0,8.0,-1.0429212982061031,0.7419529368932039,1.784874235099307
20.0,8.0,-1.0429212982061031,0.7419529368932039,1.784874235099307
21.0,8.0,-1.04277805407539,0.7420004903822578,1.7847785444576476
22.0,8.0,-1.0429158509445644,0.741954784567618,1.7848706355121824
23.0,8.0,-1.04277805407539,0.7420004903822578,1.7847785444576476
24.0,8.0,-1.0429158509445644,0.741954784567618,1.7848706355121824
25.0,8.0,-1.0429212982061031,0.7419529368932039,1.784874235099307
26.0,8.0,-1.04277805407539,0.7420004903822578,1.7847785444576476
27.0,8.0,-1.04277805407539,0.7420004903822578,1.7847785444576476
28.0,8.0,-1.0404274735126784,0.7422167139013969,1.7826441874140753
29.0,8.0,-1.0404532619114746,0.7422174551034598,1.7826707170149345
30.0,8.0,-1.0408752459839075,0.7422293534867216,1.783104599470629
31.0,8.0,-1.0407153836177976,0.7422248404940189,1.7829402241118166
32.0,8.0,-1.0407703905857941,0.7422263760978451,1.7829967666836393
33.0,8.0,-1.0414441869513,0.7422453790619777,1.7836895660132779
1.0,9.0,-1.0404532619114746,0.7422174551034598,1.7826707170149345
2.0,9.0,-1.042900257526074,0.7419600790744213,1.7848603366004951
3.0,9.0,-1.042900257526074,0.7419600790744213,1.7848603366004951
4.0,9.0,-1.0428029863033783,0.7419927537025877,1.784795740005966
5.0,9.0,-1.04277805407539,0.7420004903822578,1.7847785444576476
6.0,9.0,-1.042900257526074,0.7419600790744213,1.7848603366004951
7.0,9.0,-1.0429212982061031,0.7419529368932039,1.784874235099307
8.0,9.0,-1.0431247242305761,0.7418826570510035,1.7850073812815797
9.0,9.0,-1.04277805407539,0.7420004903822578,1.7847785444576476
10.0,9.0,-1.04277805407539,0.7420004903822578,1.7847785444576476
11.0,9.0,-1.04277805407539,0.7420004903822578,1.7847785444576476
12.0,9.0,-1.0427539992669657,0.7420078604824462,1.7847618597494117
13.0,9.0,-1.04277805407539,0.7420004903822578,1.7847785444576476
14.0,9.0,-1.0429212982061031,0.7419529368932039,1.784874235099307
15.0,9.0,-1.0429445794657606,0.7419450053122074,1.784889584777968
16.0,9.0,-1.042900257526074,0.7419600790744213,1.7848603366004951
17.0,9.0,-1.04277805407539,0.7420004903822578,1.7847785444576476
18.0,9.0,-1.0428029863033783,0.7419927537025877,1.784795740005966
19.0,9.0,-1.04277805407539,0.7420004903822578,1.7847785444576476
20.0,9.0,-1.04277805407539,0.7420004903822578,1.7847785444576476
21.0,9.0,-1.0429445794657606,0.7419450053122074,1.784889584777968
22.0,9.0,-1.0423912960122699,0.7421058214121463,1.7844971174244162
23.0,9.0,-1.0425477300087682,0.7420650226540026,1.7846127526627709
24.0,9.0,-1.042900257526074,0.7419600790744213,1.7848603366004951
25.0,9.0,-1.0429212982061031,0.7419529368932039,1.784874235099307
26.0,9.0,-1.04277805407539,0.7420004903822578,1.7847785444576476
27.0,9.0,-1.0425477300087682,0.7420650226540026,1.7846127526627709
28.0,9.0,-1.0428029863033783,0.7419927537025877,1.784795740005966
29.0,9.0,-1.0406371884004038,0.7422226431470901,1.7828598315474937
30.0,9.0,-1.04090188781379,0.7422300930787933,1.7831319808925832
31.0,9.0,-1.0411150217931875,0.7422360909971515,1.783351112790339
32.0,9.0,-1.0418670538483226,0.7422435919432596,1.784110645791582
33.0,9.0,-1.0410926816615826,0.7422354845206582,1.7833281661822409
1.0,10.0,-1.0418171966010523,0.7422558887844551,1.7840730853855074
2.0,10.0,-1.04277805407539,0.7420004903822578,1.7847785444576476
3.0,10.0,-1.042900257526074,0.7419600790744213,1.7848603366004951
4.0,10.0,-1.0429212982061031,0.7419529368932039,1.784874235099307
5.0,10.0,-1.0427539992669657,0.7420078604824462,1.7847618597494117
6.0,10.0,-1.0429212982061031,0.7419529368932039,1.784874235099307
7.0,10.0,-1.0429212982061031,0.7419529368932039,1.784874235099307
8.0,10.0,-1.0429212982061031,0.7419529368932039,1.784874235099307
9.0,10.0,-1.0429212982061031,0.7419529368932039,1.784874235099307
10.0,10.0,-1.042900257526074,0.7419600790744213,1.7848603366004951
11.0,10.0,-1.04259671262229,0.7420522966802181,1.784649009302508
12.0,10.0,-1.0423388781125948,0.7421195637421231,1.784458441854718
13.0,10.0,-1.0429212982061031,0.7419529368932039,1.784874235099307
14.0,10.0,-1.0429212982061031,0.7419529368932039,1.784874235099307
15.0,10.0,-1.042900257526074,0.7419600790744213,1.7848603366004951
16.0,10.0,-1.0427539992669657,0.7420078604824462,1.7847618597494117
17.0,10.0,-1.0425795290508841,0.7420567518402063,1.7846362808910903
18.0,10.0,-1.0427024314326958,0.7420236583126205,1.7847260897453163
19.0,10.0,-1.04277805407539,0.7420004903822578,1.7847785444576476
20.0,10.0,-1.0429212982061031,0.7419529368932039,1.784874235099307
21.0,10.0,-1.042900257526074,0.7419600790744213,1.7848603366004951
22.0,10.0,-1.0429212982061031,0.7419529368932039,1.784874235099307
23.0,10.0,-1.0429212982061031,0.7419529368932039,1.784874235099307
24.0,10.0,-1.0429445794657606,0.7419450053122074,1.784889584777968
25.0,10.0,-1.04277805407539,0.7420004903822578,1.7847785444576476
26.0,10.0,-1.04277805407539,0.7420004903822578,1.7847785444576476
27.0,10.0,-1.04277805407539,0.7420004903822578,1.7847785444576476
28.0,10.0,-1.0410634684349416,0.7422346484313652,1.7832981168663067
29.0,10.0,-1.040601947550338,0.7422216382499695,1.7828235858003074
30.0,10.0,-1.0405770091740016,0.7422209413287937,1.7827979505027953
31.0,10.0,-1.0407703905857941,0.7422263760978451,1.7829967666836393
32.0,10.0,-1.0404094187167676,0.7422162040333854,1.7826256227501531
33.0,10.0,-1.0404033989670027,0.7422160409908193,1.7826194399578221
1.0,11.0,-1.0427093047187552,0.7420215383579887,1.784730843076744
2.0,11.0,-1.0422082292506611,0.7421539845602091,1.7843622138108701
3.0,11.0,-1.0422142728256947,0.7421523856293365,1.7843666584550313
4.0,11.0,-1.0429212982061031,0.7419529368932039,1.784874235099307
5.0,11.0,-1.042900257526074,0.7419600790744213,1.7848603366004951
6.0,11.0,-1.04277805407539,0.7420004903822578,1.7847785444576476
7.0,11.0,-1.0429212982061031,0.7419529368932039,1.784874235099307
8.0,11.0,-1.0429445794657606,0.7419450053122074,1.784889584777968
9.0,11.0,-1.0429212982061031,0.7419529368932039,1.784874235099307
10.0,11.0,-1.042900257526074,0.7419600790744213,1.7848603366004951
11.0,11.0,-1.042967746231142,0.7419370723707734,1.7849048186019154
12.0,11.0,-1.0429212982061031,0.7419529368932039,1.784874235099307
13.0,11.0,-1.0429212982061031,0.7419529368932039,1.784874235099307
14.0,11.0,-1.0429212982061031,0.7419529368932039,1.784874235099307
15.0,11.0,-1.04277805407539,0.7420004903822578,1.7847785444576476
16.0,11.0,-1.0429212982061031,0.7419529368932039,1.784874235099307
17.0,11.0,-1.042900257526074,0.7419600790744213,1.7848603366004951
18.0,11.0,-1.042967746231142,0.7419370723707734,1.7849048186019154
19.0,11.0,-1.042900257526074,0.7419600790744213,1.7848603366004951
20.0,11.0,-1.042905715577839,0.741958229627777,1.784863945205616
21.0,11.0,-1.0429228681230789,0.7419523950526193,1.7848752631756981
22.0,11.0,-1.0428029863033783,0.7419927537025877,1.784795740005966
23.0,11.0,-1.0429212982061031,0.7419529368932039,1.784874235099307
24.0,11.0,-1.0429212982061031,0.7419529368932039,1.784874235099307
25.0,11.0,-1.0429212982061031,0.7419529368932039,1.784874235099307
26.0,11.0,-1.0429212982061031,0.7419529368932039,1.784874235099307
27.0,11.0,-1.0428029863033783,0.7419927537025877,1.784795740005966
28.0,11.0,-1.040511722582464,0.742219104706644,1.782730827289108
29.0,11.0,-1.040463571827301,0.7422177305270629,1.782681302354364
30.0,11.0,-1.0407153836177976,0.7422248404940189,1.7829402241118166
31.0,11.0,-1.0412826235276207,0.742240815024924,1.7835234385525447
32.0,11.0,-1.0417836795453008,0.7422549476581644,1.7840386272034652
33.0,11.0,-1.0411786364738453,0.7422378982854156,1.783416534759261
1.0,12.0,-1.0407970431016984,0.7422271422714227,1.783024185373121
2.0,12.0,-1.042900257526074,0.7419600790744213,1.7848603366004951
3.0,12.0,-1.0430827565782979,0.7418973308138046,1.7849800873921025
4.0,12.0,-1.0429212982061031,0.7419529368932039,1.784874235099307
5.0,12.0,-1.0429445794657606,0.7419450053122074,1.784889584777968
6.0,12.0,-1.0429212982061031,0.7419529368932039,1.784874235099307
7.0,12.0,-1.0429212982061031,0.7419529368932039,1.784874235099307
8.0,12.0,-1.0429212982061031,0.7419529368932039,1.784874235099307
9.0,12.0,-1.042900257526074,0.7419600790744213,1.7848603366004951
10.0,12.0,-1.0429212982061031,0.7419529368932039,1.784874235099307
11.0,12.0,-1.042900257526074,0.7419600790744213,1.7848603366004951
12.0,12.0,-1.042900257526074,0.7419600790744213,1.7848603366004951
13.0,12.0,-1.04277805407539,0.7420004903822578,1.7847785444576476
14.0,12.0,-1.04277805407539,0.7420004903822578,1.7847785444576476
15.0,12.0,-1.04277805407539,0.7420004903822578,1.7847785444576476
16.0,12.0,-1.0429212982061031,0.7419529368932039,1.784874235099307
17.0,12.0,-1.042900257526074,0.7419600790744213,1.7848603366004951
18.0,12.0,-1.042946122834821,0.7419444595368151,1.7848905823716361
19.0,12.0,-1.0429212982061031,0.7419529368932039,1.784874235099307
20.0,12.0,-1.0429212982061031,0.7419529368932039,1.784874235099307
21.0,12.0,-1.042900257526074,0.7419600790744213,1.7848603366004951
22.0,12.0,-1.0429212982061031,0.7419529368932039,1.784874235099307
23.0,12.0,-1.0429212982061031,0.7419529368932039,1.784874235099307
24.0,12.0,-1.0429212982061031,0.7419529368932039,1.784874235099307
25.0,12.0,-1.0429212982061031,0.7419529368932039,1.784874235099307
26.0,12.0,-1.0429212982061031,0.7419529368932039,1.784874235099307
27.0,12.0,-1.0429212982061031,0.7419529368932039,1.784874235099307
28.0,12.0,-1.0426878231695285,0.7420281199219239,1.7847159430914523
29.0,12.0,-1.0413616951694662,0.7422430586858738,1.78360475385534
30.0,12.0,-1.0415559264501069,0.7422485344151687,1.7838044608652757
31.0,12.0,-1.0409818155162984,0.742232359076414,1.7832141745927124
32.0,12.0,-1.0409818155162984,0.742232359076414,1.7832141745927124
33.0,12.0,-1.0410204737551383,0.7422334312397348,1.783253904994873
1.0,13.0,-1.0412551219773498,0.7422400615726932,1.783495183550043
2.0,13.0,-1.0429212982061031,0.7419529368932039,1.784874235099307
3.0,13.0,-1.0431030319614711,0.7418902450805182,1.7849932770419894
4.0,13.0,-1.0429212982061031,0.7419529368932039,1.784874235099307
5.0,13.0,-1.04277805407539,0.7420004903822578,1.7847785444576476
6.0,13.0,-1.04277805407539,0.7420004903822578,1.7847785444576476
7.0,13.0,-1.04277805407539,0.7420004903822578,1.7847785444576476
8.0,13.0,-1.04277805407539,0.7420004903822578,1.7847785444576476
9.0,13.0,-1.04277805407539,0.7420004903822578,1.7847785444576476
10.0,13.0,-1.0429212982061031,0.7419529368932039,1.784874235099307
11.0,13.0,-1.042900257526074,0.7419600790744213,1.7848603366004951
12.0,13.0,-1.0429212982061031,0.7419529368932039,1.784874235099307
13.0,13.0,-1.0427539992669657,0.7420078604824462,1.7847618597494117
14.0,13.0,-1.0429158509445644,0.741954784567618,1.7848706355121824
15.0,13.0,-1.0428029863033783,0.7419927537025877,1.784795740005966
16.0,13.0,-1.04277805407539,0.7420004903822578,1.7847785444576476
17.0,13.0,-1.0427539992669657,0.7420078604824462,1.7847618597494117
18.0,13.0,-1.0427514167301024,0.7420086441268735,1.7847600608569758
19.0,13.0,-1.0429212982061031,0.7419529368932039,1.784874235099307
20.0,13.0,-1.042900257526074,0.7419600790744213,1.7848603366004951
21.0,13.0,-1.0429212982061031,0.7419529368932039,1.784874235099307
22.0,13.0,-1.04277805407539,0.7420004903822578,1.7847785444576476
23.0,13.0,-1.0427608672361781,0.742005764326081,1.7847666315622592
24.0,13.0,-1.04277805407539,0.7420004903822578,1.7847785444576476
25.0,13.0,-1.042900257526074,0.7419600790744213,1.7848603366004951
26.0,13.0,-1.0429212982061031,0.7419529368932039,1.784874235099307
27.0,13.0,-1.0427024314326958,0.7420236583126205,1.7847260897453163
28.0,13.0,-1.0425709339731426,0.7420589807422117,1.7846299147153544
29.0,13.0,-1.0419718859424074,0.7422170556302385,1.784188941572646
30.0,13.0,-1.0412379405811076,0.7422395586320663,1.783477499213174
31.0,13.0,-1.0411786364738453,0.7422378982854156,1.783416534759261
32.0,13.0,-1.0405237440090218,0.7422194371647721,1.782743181173794
33.0,13.0,-1.0408434573247403,0.7422284482551922,1.7830719055799324
1.0,14.0,-1.0412379405811076,0.7422395586320663,1.783477499213174
2.0,14.0,-1.042900257526074,0.7419600790744213,1.7848603366004951
3.0,14.0,-1.04277805407539,0.7420004903822578,1.7847785444576476
4.0,14.0,-1.0429212982061031,0.7419529368932039,1.784874235099307
5.0,14.0,-1.0429212982061031,0.7419529368932039,1.784874235099307
6.0,14.0,-1.0429212982061031,0.7419529368932039,1.784874235099307
7.0,14.0,-1.0427539992669657,0.7420078604824462,1.7847618597494117
8.0,14.0,-1.0427711722481294,0.7420025865384615,1.7847737587865908
9.0,14.0,-1.0429212982061031,0.7419529368932039,1.784874235099307
10.0,14.0,-1.0429212982061031,0.7419529368932039,1.784874235099307
11.0,14.0,-1.0425709339731426,0.7420589807422117,1.7846299147153544
12.0,14.0,-1.0425709339731426,0.7420589807422117,1.7846299147153544
13.0,14.0,-1.0425709339731426,0.7420589807422117,1.7846299147153544
14.0,14.0,-1.0429212982061031,0.7419529368932039,1.784874235099307
15.0,14.0,-1.0429212982061031,0.7419529368932039,1.784874235099307
16.0,14.0,-1.0429212982061031,0.7419529368932039,1.784874235099307
17.0,14.0,-1.0425477300087682,0.7420650226540026,1.7846127526627709
18.0,14.0,-1.0423457647762002,0.7421177512591887,1.7844635160353888
19.0,14.0,-1.0429445794657606,0.7419450053122074,1.784889584777968
20.0,14.0,-1.0429158509445644,0.741954784567618,1.7848706355121824
21.0,14.0,-1.042900257526074,0.7419600790744213,1.7848603366004951
22.0,14.0,-1.0429158509445644,0.741954784567618,1.7848706355121824
23.0,14.0,-1.0427539992669657,0.7420078604824462,1.7847618597494117
24.0,14.0,-1.0429212982061031,0.7419529368932039,1.784874235099307
25.0,14.0,-1.0429158509445644,0.741954784567618,1.7848706355121824
26.0,14.0,-1.0429158509445644,0.741954784567618,1.7848706355121824
27.0,14.0,-1.0429212982061031,0.7419529368932039,1.784874235099307
28.0,14.0,-1.0404274735126784,0.7422167139013969,1.7826441874140753
29.0,14.0,-1.0420466550884158,0.7421969388727021,1.7842435939611179
30.0,14.0,-1.0404790355684868,0.7422181706580222,1.782697206226509
31.0,14.0,-1.0412379405811076,0.7422395586320663,1.783477499213174
32.0,14.0,-1.041642729066817,0.7422509632791051,1.7838936923459223
33.0,14.0,-1.0414536453340852,0.742245651220056,1.7836992965541412
1.0,15.0,-1.0404274735126784,0.7422167139013969,1.7826441874140753
2.0,15.0,-1.0427024314326958,0.7420236583126205,1.7847260897453163
3.0,15.0,-1.0421884688037442,0.742159199078517,1.7843476678822612
4.0,15.0,-1.0427539992669657,0.7420078604824462,1.7847618597494117
5.0,15.0,-1.0427539992669657,0.7420078604824462,1.7847618597494117
6.0,15.0,-1.04277805407539,0.7420004903822578,1.7847785444576476
7.0,15.0,-1.0425726497654277,0.7420585395947148,1.7846311893601425
8.0,15.0,-1.0427093047187552,0.7420215383579887,1.784730843076744
9.0,15.0,-1.0429212982061031,0.7419529368932039,1.784874235099307
10.0,15.0,-1.0429212982061031,0.7419529368932039,1.784874235099307
11.0,15.0,-1.0429212982061031,0.7419529368932039,1.784874235099307
12.0,15.0,-1.0427539992669657,0.7420078604824462,1.7847618597494117
13.0,15.0,-1.04277805407539,0.7420004903822578,1.7847785444576476
14.0,15.0,-1.0429212982061031,0.7419529368932039,1.784874235099307
15.0,15.0,-1.0429212982061031,0.7419529368932039,1.784874235099307
16.0,15.0,-1.0429212982061031,0.7419529368932039,1.784874235099307
17.0,15.0,-1.0428029863033783,0.7419927537025877,1.784795740005966
18.0,15.0,-1.0429212982061031,0.7419529368932039,1.784874235099307
19.0,15.0,-1.0429212982061031,0.7419529368932039,1.784874235099307
20.0,15.0,-1.042900257526074,0.7419600790744213,1.7848603366004951
21.0,15.0,-1.0427539992669657,0.7420078604824462,1.7847618597494117
22.0,15.0,-1.0429212982061031,0.7419529368932039,1.784874235099307
23.0,15.0,-1.04277805407539,0.7420004903822578,1.7847785444576476
24.0,15.0,-1.0429212982061031,0.7419529368932039,1.784874235099307
25.0,15.0,-1.04277805407539,0.7420004903822578,1.7847785444576476
26.0,15.0,-1.0429212982061031,0.7419529368932039,1.784874235099307
27.0,15.0,-1.042900257526074,0.7419600790744213,1.7848603366004951
28.0,15.0,-1.042900257526074,0.7419600790744213,1.7848603366004951
29.0,15.0,-1.0426534382136514,0.7420376107844199,1.7846910489980714
30.0,15.0,-1.0425288253338145,0.7420699214999446,1.7845987468337592
31.0,15.0,-1.0409947054146862,0.742232718728271,1.7832274241429573
32.0,15.0,-1.041390045728527,0.7422438589298174,1.7836339046583443
33.0,15.0,-1.0411519932337188,0.7422371459809911,1.7833891392147099
1.0,16.0,-1.0406569268157906,0.7422231919571676,1.7828801187729582
2.0,16.0,-1.0425649376645785,0.7420605416401534,1.784625479304732
3.0,16.0,-1.0423388781125948,0.7421195637421231,1.784458441854718
4.0,16.0,-1.0429158509445644,0.741954784567618,1.7848706355121824
5.0,16.0,-1.0428029863033783,0.7419927537025877,1.784795740005966
6.0,16.0,-1.04277805407539,0.7420004903822578,1.7847785444576476
7.0,16.0,-1.042900257526074,0.7419600790744213,1.7848603366004951
8.0,16.0,-1.04277805407539,0.7420004903822578,1.7847785444576476
9.0,16.0,-1.042900257526074,0.7419600790744213,1.7848603366004951
10.0,16.0,-1.04277805407539,0.7420004903822578,1.7847785444576476
11.0,16.0,-1.0429212982061031,0.7419529368932039,1.784874235099307
12.0,16.0,-1.0427539992669657,0.7420078604824462,1.7847618597494117
13.0,16.0,-1.0429212982061031,0.7419529368932039,1.784874235099307
14.0,16.0,-1.0429212982061031,0.7419529368932039,1.784874235099307
15.0,16.0,-1.04277805407539,0.7420004903822578,1.7847785444576476
16.0,16.0,-1.0429212982061031,0.7419529368932039,1.784874235099307
17.0,16.0,-1.0429212982061031,0.7419529368932039,1.784874235099307
18.0,16.0,-1.0429212982061031,0.7419529368932039,1.784874235099307
19.0,16.0,-1.0427539992669657,0.7420078604824462,1.7847618597494117
20.0,16.0,-1.042900257526074,0.7419600790744213,1.7848603366004951
21.0,16.0,-1.0429212982061031,0.7419529368932039,1.784874235099307
22.0,16.0,-1.0429212982061031,0.7419529368932039,1.784874235099307
23.0,16.0,-1.042900257526074,0.7419600790744213,1.7848603366004951
24.0,16.0,-1.04277805407539,0.7420004903822578,1.7847785444576476
25.0,16.0,-1.042900257526074,0.7419600790744213,1.7848603366004951
26.0,16.0,-1.0425477300087682,0.7420650226540026,1.7846127526627709
27.0,16.0,-1.0427539992669657,0.7420078604824462,1.7847618597494117
28.0,16.0,-1.0425477300087682,0.7420650226540026,1.7846127526627709
29.0,16.0,-1.040838290602146,0.742228298502882,1.7830665891050281
30.0,16.0,-1.0410136115026785,0.7422332388638728,1.7832468503665513
31.0,16.0,-1.0410660501832534,0.7422347375740284,1.7833007877572817
32.0,16.0,-1.0408236932619115,0.7422279047351877,1.7830515979970993
33.0,16.0,-1.0423302715046943,0.74212181493342,1.7844520864381144
1.0,17.0,-1.0412826235276207,0.742240815024924,1.7835234385525447
2.0,17.0,-1.0427539992669657,0.7420078604824462,1.7847618597494117
3.0,17.0,-1.0429212982061031,0.7419529368932039,1.784874235099307
4.0,17.0,-1.042900257526074,0.7419600790744213,1.7848603366004951
5.0,17.0,-1.0429212982061031,0.7419529368932039,1.784874235099307
6.0,17.0,-1.042900257526074,0.7419600790744213,1.7848603366004951
7.0,17.0,-1.0429212982061031,0.7419529368932039,1.784874235099307
8.0,17.0,-1.0429158509445644,0.741954784567618,1.7848706355121824
9.0,17.0,-1.04277805407539,0.7420004903822578,1.7847785444576476
10.0,17.0,-1.0428029863033783,0.7419927537025877,1.784795740005966
11.0,17.0,-1.042900257526074,0.7419600790744213,1.7848603366004951
12.0,17.0,-1.04277805407539,0.7420004903822578,1.7847785444576476
13.0,17.0,-1.0429212982061031,0.7419529368932039,1.784874235099307
14.0,17.0,-1.0427539992669657,0.7420078604824462,1.7847618597494117
15.0,17.0,-1.0427539992669657,0.7420078604824462,1.7847618597494117
16.0,17.0,-1.0429445794657606,0.7419450053122074,1.784889584777968
17.0,17.0,-1.0429445794657606,0.7419450053122074,1.784889584777968
18.0,17.0,-1.0429212982061031,0.7419529368932039,1.784874235099307
19.0,17.0,-1.04277805407539,0.7420004903822578,1.7847785444576476
20.0,17.0,-1.04277805407539,0.7420004903822578,1.7847785444576476
21.0,17.0,-1.0428029863033783,0.7419927537025877,1.784795740005966
22.0,17.0,-1.042900257526074,0.7419600790744213,1.7848603366004951
23.0,17.0,-1.0427539992669657,0.7420078604824462,1.7847618597494117
24.0,17.0,-1.0429212982061031,0.7419529368932039,1.784874235099307
25.0,17.0,-1.0429158509445644,0.741954784567618,1.7848706355121824
26.0,17.0,-1.0427539992669657,0.7420078604824462,1.7847618597494117
27.0,17.0,-1.0427539992669657,0.7420078604824462,1.7847618597494117
28.0,17.0,-1.042900257526074,0.7419600790744213,1.7848603366004951
29.0,17.0,-1.0405770091740016,0.7422209413287937,1.7827979505027953
30.0,17.0,-1.0406225690587485,0.7422222219558131,1.7828447910145617
31.0,17.0,-1.0412121499173954,0.7422388356730966,1.783450985590492
32.0,17.0,-1.0409775246687343,0.7422322253631893,1.7832097500319235
33.0,17.0,-1.0406371884004038,0.7422226431470901,1.7828598315474937
1.0,18.0,-1.0410222046800113,0.7422334998117827,1.7832557044917938
2.0,18.0,-1.04277805407539,0.7420004903822578,1.7847785444576476
3.0,18.0,-1.0429212982061031,0.7419529368932039,1.784874235099307
4.0,18.0,-1.042900257526074,0.7419600790744213,1.7848603366004951
5.0,18.0,-1.042900257526074,0.7419600790744213,1.7848603366004951
6.0,18.0,-1.04277805407539,0.7420004903822578,1.7847785444576476
7.0,18.0,-1.0429445794657606,0.7419450053122074,1.784889584777968
8.0,18.0,-1.0429212982061031,0.7419529368932039,1.784874235099307
9.0,18.0,-1.0429212982061031,0.7419529368932039,1.784874235099307
10.0,18.0,-1.0429445794657606,0.7419450053122074,1.784889584777968
11.0,18.0,-1.0429158509445644,0.741954784567618,1.7848706355121824
12.0,18.0,-1.042900257526074,0.7419600790744213,1.7848603366004951
13.0,18.0,-1.0427711722481294,0.7420025865384615,1.7847737587865908
14.0,18.0,-1.04277805407539,0.7420004903822578,1.7847785444576476
15.0,18.0,-1.0429212982061031,0.7419529368932039,1.784874235099307
16.0,18.0,-1.0427539992669657,0.7420078604824462,1.7847618597494117
17.0,18.0,-1.0428029863033783,0.7419927537025877,1.784795740005966
18.0,18.0,-1.0428029863033783,0.7419927537025877,1.784795740005966
19.0,18.0,-1.04277805407539,0.7420004903822578,1.7847785444576476
20.0,18.0,-1.04277805407539,0.7420004903822578,1.7847785444576476
21.0,18.0,-1.0427539992669657,0.7420078604824462,1.7847618597494117
22.0,18.0,-1.042900257526074,0.7419600790744213,1.7848603366004951
23.0,18.0,-1.0427539992669657,0.7420078604824462,1.7847618597494117
24.0,18.0,-1.0429212982061031,0.7419529368932039,1.784874235099307
25.0,18.0,-1.0429212982061031,0.7419529368932039,1.784874235099307
26.0,18.0,-1.04277805407539,0.7420004903822578,1.7847785444576476
27.0,18.0,-1.042900257526074,0.7419600790744213,1.7848603366004951
28.0,18.0,-1.0425709339731426,0.7420589807422117,1.7846299147153544
29.0,18.0,-1.041040259374119,0.7422340038842401,1.7832742632583591
30.0,18.0,-1.0406741396906665,0.7422236667010337,1.7828978063917003
31.0,18.0,-1.0408571976318015,0.742228839832258,1.7830860374640594
32.0,18.0,-1.0407953131960146,0.7422270943177268,1.7830224075137413
33.0,18.0,-1.0412473893136658,0.7422398367648363,1.7834872260785022
1.0,19.0,-1.0410308094819225,0.7422337274346807,1.7832645369166031
2.0,19.0,-1.04277805407539,0.7420004903822578,1.7847785444576476
3.0,19.0,-1.0429212982061031,0.7419529368932039,1.784874235099307
4.0,19.0,-1.0429212982061031,0.7419529368932039,1.784874235099307
5.0,19.0,-1.0429212982061031,0.7419529368932039,1.784874235099307
6.0,19.0,-1.0429212982061031,0.7419529368932039,1.784874235099307
7.0,19.0,-1.0429445794657606,0.7419450053122074,1.784889584777968
8.0,19.0,-1.04277805407539,0.7420004903822578,1.7847785444576476
9.0,19.0,-1.0429212982061031,0.7419529368932039,1.784874235099307
10.0,19.0,-1.0429212982061031,0.7419529368932039,1.784874235099307
11.0,19.0,-1.0429212982061031,0.7419529368932039,1.784874235099307
12.0,19.0,-1.04277805407539,0.7420004903822578,1.7847785444576476
13.0,19.0,-1.0425537552404769,0.7420634560906515,1.7846172113311285
14.0,19.0,-1.0429212982061031,0.7419529368932039,1.784874235099307
15.0,19.0,-1.0429212982061031,0.7419529368932039,1.784874235099307
16.0,19.0,-1.04277805407539,0.7420004903822578,1.7847785444576476
17.0,19.0,-1.04277805407539,0.7420004903822578,1.7847785444576476
18.0,19.0,-1.0423973272435085,0.7421042423479698,1.7845015695914783
19.0,19.0,-1.0425726497654277,0.7420585395947148,1.7846311893601425
20.0,19.0,-1.04277805407539,0.7420004903822578,1.7847785444576476
21.0,19.0,-1.04277805407539,0.7420004903822578,1.7847785444576476
22.0,19.0,-1.0427539992669657,0.7420078604824462,1.7847618597494117
23.0,19.0,-1.0425477300087682,0.7420650226540026,1.7846127526627709
24.0,19.0,-1.04277805407539,0.7420004903822578,1.7847785444576476
25.0,19.0,-1.0429212982061031,0.7419529368932039,1.784874235099307
26.0,19.0,-1.0427539992669657,0.7420078604824462,1.7847618597494117
27.0,19.0,-1.042900257526074,0.7419600790744213,1.7848603366004951
28.0,19.0,-1.0408125176205245,0.742227578104395,1.7830400957249195
29.0,19.0,-1.0406371884004038,0.7422226431470901,1.7828598315474937
30.0,19.0,-1.0412379405811076,0.7422395586320663,1.783477499213174
31.0,19.0,-1.041075489997068,0.7422349986393187,1.7833104886363866
32.0,19.0,-1.0404033989670027,0.7422160409908193,1.7826194399578221
33.0,19.0,-1.0406371884004038,0.7422226431470901,1.7828598315474937
1.0,20.0,-1.0405967893813892,0.7422214986524979,1.7828182880338872
2.0,20.0,-1.0429212982061031,0.7419529368932039,1.784874235099307
3.0,20.0,-1.0428029863033783,0.7419927537025877,1.784795740005966
4.0,20.0,-1.0429212982061031,0.7419529368932039,1.784874235099307
5.0,20.0,-1.0429212982061031,0.7419529368932039,1.784874235099307
6.0,20.0,-1.0429445794657606,0.7419450053122074,1.784889584777968
7.0,20.0,-1.0427539992669657,0.7420078604824462,1.7847618597494117
8.0,20.0,-1.042719621530793,0.7420183843944184,1.7847380059252114
9.0,20.0,-1.0429212982061031,0.7419529368932039,1.784874235099307
10.0,20.0,-1.0428029863033783,0.7419927537025877,1.784795740005966
11.0,20.0,-1.0429212982061031,0.7419529368932039,1.784874235099307
12.0,20.0,-1.0429212982061031,0.7419529368932039,1.784874235099307
13.0,20.0,-1.0429212982061031,0.7419529368932039,1.784874235099307
14.0,20.0,-1.0430525626708769,0.7419078418806002,1.784960404551477
15.0,20.0,-1.0429212982061031,0.7419529368932039,1.784874235099307
16.0,20.0,-1.04277805407539,0.7420004903822578,1.7847785444576476
17.0,20.0,-1.0429445794657606,0.7419450053122074,1.784889584777968
18.0,20.0,-1.0429212982061031,0.7419529368932039,1.784874235099307
19.0,20.0,-1.04277805407539,0.7420004903822578,1.7847785444576476
20.0,20.0,-1.042900257526074,0.7419600790744213,1.7848603366004951
21.0,20.0,-1.0428029863033783,0.7419927537025877,1.784795740005966
22.0,20.0,-1.042900257526074,0.7419600790744213,1.7848603366004951
23.0,20.0,-1.042900257526074,0.7419600790744213,1.7848603366004951
24.0,20.0,-1.0429212982061031,0.7419529368932039,1.784874235099307
25.0,20.0,-1.0427539992669657,0.7420078604824462,1.7847618597494117
26.0,20.0,-1.04277805407539,0.7420004903822578,1.7847785444576476
27.0,20.0,-1.04277805407539,0.7420004903822578,1.7847785444576476
28.0,20.0,-1.0429158509445644,0.741954784567618,1.7848706355121824
29.0,20.0,-1.0406242909500987,0.7422222568556132,1.7828465478057118
30.0,20.0,-1.0414441869513,0.7422453790619777,1.7836895660132779
31.0,20.0,-1.0410076063850782,0.7422330792184018,1.78324068560348
32.0,20.0,-1.0429515372474045,0.7419426053383389,1.7848941425857434
33.0,20.0,-1.040463571827301,0.7422177305270629,1.782681302354364
1.0,21.0,-1.0408305610374966,0.742228082710733,1.7830586437482296
2.0,21.0,-1.0406371884004038,0.7422226431470901,1.7828598315474937
3.0,21.0,-1.0407884634902735,0.742226892912204,1.7830153564024775
4.0,21.0,-1.0406242909500987,0.7422222568556132,1.7828465478057118
5.0,21.0,-1.0425477300087682,0.7420650226540026,1.7846127526627709
6.0,21.0,-1.04277805407539,0.7420004903822578,1.7847785444576476
7.0,21.0,-1.0429212982061031,0.7419529368932039,1.784874235099307
8.0,21.0,-1.0429445794657606,0.7419450053122074,1.784889584777968
9.0,21.0,-1.0429212982061031,0.7419529368932039,1.784874235099307
10.0,21.0,-1.0429212982061031,0.7419529368932039,1.784874235099307
11.0,21.0,-1.0429445794657606,0.7419450053122074,1.784889584777968
12.0,21.0,-1.0429212982061031,0.7419529368932039,1.784874235099307
13.0,21.0,-1.0429212982061031,0.7419529368932039,1.784874235099307
14.0,21.0,-1.04277805407539,0.7420004903822578,1.7847785444576476
15.0,21.0,-1.042900257526074,0.7419600790744213,1.7848603366004951
16.0,21.0,-1.04277805407539,0.7420004903822578,1.7847785444576476
17.0,21.0,-1.0429445794657606,0.7419450053122074,1.784889584777968
18.0,21.0,-1.042900257526074,0.7419600790744213,1.7848603366004951
19.0,21.0,-1.04277805407539,0.7420004903822578,1.7847785444576476
20.0,21.0,-1.04277805407539,0.7420004903822578,1.7847785444576476
21.0,21.0,-1.042900257526074,0.7419600790744213,1.7848603366004951
22.0,21.0,-1.0429212982061031,0.7419529368932039,1.784874235099307
23.0,21.0,-1.04277805407539,0.7420004903822578,1.7847785444576476
24.0,21.0,-1.04277805407539,0.7420004903822578,1.7847785444576476
25.0,21.0,-1.0429212982061031,0.7419529368932039,1.784874235099307
26.0,21.0,-1.0429212982061031,0.7419529368932039,1.784874235099307
27.0,21.0,-1.0429212982061031,0.7419529368932039,1.784874235099307
28.0,21.0,-1.0429212982061031,0.7419529368932039,1.784874235099307
29.0,21.0,-1.0421300177619894,0.7421746793720089,1.7843046971339982
30.0,21.0,-1.0405383426934616,0.742219857050718,1.7827581997441797
31.0,21.0,-1.0410204737551383,0.7422334312397348,1.783253904994873
32.0,21.0,-1.0421987786380067,0.7421564809658033,1.7843552596038101
33.0,21.0,-1.0405967893813892,0.7422214986524979,1.7828182880338872
1.0,22.0,-1.040955181464743,0.7422315974474217,1.7831867789121647
2.0,22.0,-1.041245661122075,0.7422397924564041,1.7834854535784792
3.0,22.0,-1.0410204737551383,0.7422334312397348,1.783253904994873
4.0,22.0,-1.0406371884004038,0.7422226431470901,1.7828598315474937
5.0,22.0,-1.0410634684349416,0.7422346484313652,1.7832981168663067
6.0,22.0,-1.0404532619114746,0.7422174551034598,1.7826707170149345
7.0,22.0,-1.042900257526074,0.7419600790744213,1.7848603366004951
8.0,22.0,-1.04277805407539,0.7420004903822578,1.7847785444576476
9.0,22.0,-1.04277805407539,0.7420004903822578,1.7847785444576476
10.0,22.0,-1.0429212982061031,0.7419529368932039,1.784874235099307
11.0,22.0,-1.0429212982061031,0.7419529368932039,1.784874235099307
12.0,22.0,-1.0429212982061031,0.7419529368932039,1.784874235099307
13.0,22.0,-1.0429212982061031,0.7419529368932039,1.784874235099307
14.0,22.0,-1.0429212982061031,0.7419529368932039,1.784874235099307
15.0,22.0,-1.042900257526074,0.7419600790744213,1.7848603366004951
16.0,22.0,-1.0429212982061031,0.7419529368932039,1.784874235099307
17.0,22.0,-1.0429445794657606,0.7419450053122074,1.784889584777968
18.0,22.0,-1.04277805407539,0.7420004903822578,1.7847785444576476
19.0,22.0,-1.0429212982061031,0.7419529368932039,1.784874235099307
20.0,22.0,-1.04277805407539,0.7420004903822578,1.7847785444576476
21.0,22.0,-1.04277805407539,0.7420004903822578,1.7847785444576476
22.0,22.0,-1.0429445794657606,0.7419450053122074,1.784889584777968
23.0,22.0,-1.04277805407539,0.7420004903822578,1.7847785444576476
24.0,22.0,-1.0429212982061031,0.7419529368932039,1.784874235099307
25.0,22.0,-1.04277805407539,0.7420004903822578,1.7847785444576476
26.0,22.0,-1.0427539992669657,0.7420078604824462,1.7847618597494117
27.0,22.0,-1.042900257526074,0.7419600790744213,1.7848603366004951
28.0,22.0,-1.04277805407539,0.7420004903822578,1.7847785444576476
29.0,22.0,-1.0410660501832534,0.7422347375740284,1.7833007877572817
30.0,22.0,-1.0406835824177683,0.7422239448152175,1.7829075272329857
31.0,22.0,-1.0406371884004038,0.7422226431470901,1.7828598315474937
32.0,22.0,-1.0415559264501069,0.7422485344151687,1.7838044608652757
33.0,22.0,-1.0424720967605514,0.7420847064962423,1.7845568032567938
1.0,23.0,-1.0431520639235015,0.741872293015135,1.7850243569386364
2.0,23.0,-1.0408451616722911,0.742228499361017,1.783073661033308
3.0,23.0,-1.0406371884004038,0.7422226431470901,1.7828598315474937
4.0,23.0,-1.0423887338239026,0.7421064964427758,1.7844952302666783
5.0,23.0,-1.0425382687368372,0.7420674641840721,1.7846057329209093
6.0,23.0,-1.0404532619114746,0.7422174551034598,1.7826707170149345
7.0,23.0,-1.0406483523919074,0.7422229463230304,1.7828712987149378
8.0,23.0,-1.042900257526074,0.7419600790744213,1.7848603366004951
9.0,23.0,-1.0427539992669657,0.7420078604824462,1.7847618597494117
10.0,23.0,-1.0429212982061031,0.7419529368932039,1.784874235099307
11.0,23.0,-1.0429158509445644,0.741954784567618,1.7848706355121824
12.0,23.0,-1.0429212982061031,0.7419529368932039,1.784874235099307
13.0,23.0,-1.042900257526074,0.7419600790744213,1.7848603366004951
14.0,23.0,-1.0429212982061031,0.7419529368932039,1.784874235099307
15.0,23.0,-1.0428029863033783,0.7419927537025877,1.784795740005966
16.0,23.0,-1.0425709339731426,0.7420589807422117,1.7846299147153544
17.0,23.0,-1.04277805407539,0.7420004903822578,1.7847785444576476
18.0,23.0,-1.0427711722481294,0.7420025865384615,1.7847737587865908
19.0,23.0,-1.0421884688037442,0.742159199078517,1.7843476678822612
20.0,23.0,-1.042719621530793,0.7420183843944184,1.7847380059252114
21.0,23.0,-1.0427711722481294,0.7420025865384615,1.7847737587865908
22.0,23.0,-1.04277805407539,0.7420004903822578,1.7847785444576476
23.0,23.0,-1.0422082292506611,0.7421539845602091,1.7843622138108701
24.0,23.0,-1.0420036764705882,0.7422085400581275,1.7842122165287158
25.0,23.0,-1.04277805407539,0.7420004903822578,1.7847785444576476
26.0,23.0,-1.04277805407539,0.7420004903822578,1.7847785444576476
27.0,23.0,-1.0427539992669657,0.7420078604824462,1.7847618597494117
28.0,23.0,-1.0431030319614711,0.7418902450805182,1.7849932770419894
29.0,23.0,-1.0418369655312407,0.7422517538334303,1.784088719364671
30.0,23.0,-1.0405503755328507,0.742220184190146,1.7827705597229966
31.0,23.0,-1.0411262073515233,0.7422364122876844,1.7833626196392078
32.0,23.0,-1.0415885762616295,0.7422494521250833,1.7838380283867128
33.0,23.0,-1.0405383426934616,0.742219857050718,1.7827581997441797
1.0,24.0,-1.0424806928906531,0.7420824662589727,1.7845631591496258
2.0,24.0,-1.040589918240767,0.7422213025724883,1.7828112208132554
3.0,24.0,-1.0406569268157906,0.7422231919571676,1.7828801187729582
4.0,24.0,-1.0420294679861288,0.7422016294822372,1.784231097468366
5.0,24.0,-1.0418412725263324,0.7422505906525327,1.7840918631788651
6.0,24.0,-1.042314810115876,0.7421258960703858,1.7844407061862617
7.0,24.0,-1.0406835824177683,0.7422239448152175,1.7829075272329857
8.0,24.0,-1.041599749646178,0.7422497764158928,1.7838495260620708
9.0,24.0,-1.0429212982061031,0.7419529368932039,1.784874235099307
10.0,24.0,-1.0429445794657606,0.7419450053122074,1.784889584777968
11.0,24.0,-1.0429212982061031,0.7419529368932039,1.784874235099307
12.0,24.0,-1.0429212982061031,0.7419529368932039,1.784874235099307
13.0,24.0,-1.0427539992669657,0.7420078604824462,1.7847618597494117
14.0,24.0,-1.04277805407539,0.7420004903822578,1.7847785444576476
15.0,24.0,-1.04277805407539,0.7420004903822578,1.7847785444576476
16.0,24.0,-1.0429212982061031,0.7419529368932039,1.784874235099307
17.0,24.0,-1.04277805407539,0.7420004903822578,1.7847785444576476
18.0,24.0,-1.0423457647762002,0.7421177512591887,1.7844635160353888
19.0,24.0,-1.0418713384343865,0.7422424324500797,1.784113770884466
20.0,24.0,-1.0425709339731426,0.7420589807422117,1.7846299147153544
21.0,24.0,-1.0427539992669657,0.7420078604824462,1.7847618597494117
22.0,24.0,-1.0427539992669657,0.7420078604824462,1.7847618597494117
23.0,24.0,-1.0422142728256947,0.7421523856293365,1.7843666584550313
24.0,24.0,-1.0420303365211114,0.7422013756825859,1.7842317122036975
25.0,24.0,-1.0429212982061031,0.7419529368932039,1.784874235099307
26.0,24.0,-1.0427539992669657,0.7420078604824462,1.7847618597494117
27.0,24.0,-1.042900257526074,0.7419600790744213,1.7848603366004951
28.0,24.0,-1.042900257526074,0.7419600790744213,1.7848603366004951
29.0,24.0,-1.0414536453340852,0.742245651220056,1.7836992965541412
30.0,24.0,-1.0412379405811076,0.7422395586320663,1.783477499213174
31.0,24.0,-1.040511722582464,0.742219104706644,1.782730827289108
32.0,24.0,-1.0414441869513,0.7422453790619777,1.7836895660132779
33.0,24.0,-1.0412293500386245,0.7422393225101842,1.7834686725488087
1.0,25.0,-1.0407102420100593,0.7422246822468225,1.7829349242568817
2.0,25.0,-1.040436073097981,0.7422169579468046,1.7826530310447857
3.0,25.0,-1.0420303365211114,0.7422013756825859,1.7842317122036975
4.0,25.0,-1.0421042493684591,0.7421815207825987,1.7842857701510577
5.0,25.0,-1.0408812693472267,0.7422295216002206,1.7831107909474473
6.0,25.0,-1.0422916027607363,0.742131995535281,1.7844235982960173
7.0,25.0,-1.0408571976318015,0.742228839832258,1.7830860374640594
8.0,25.0,-1.04272047861243,0.7420181152104307,1.7847385938228606
9.0,25.0,-1.0425726497654277,0.7420585395947148,1.7846311893601425
10.0,25.0,-1.04277805407539,0.7420004903822578,1.7847785444576476
11.0,25.0,-1.0429212982061031,0.7419529368932039,1.784874235099307
12.0,25.0,-1.0429212982061031,0.7419529368932039,1.784874235099307
13.0,25.0,-1.0427342298908906,0.7420139060995734,1.784748135990464
14.0,25.0,-1.0425726497654277,0.7420585395947148,1.7846311893601425
15.0,25.0,-1.0429212982061031,0.7419529368932039,1.784874235099307
16.0,25.0,-1.0429212982061031,0.7419529368932039,1.784874235099307
17.0,25.0,-1.0429212982061031,0.7419529368932039,1.784874235099307
18.0,25.0,-1.0421824476723205,0.7421608015259746,1.7843432491982951
19.0,25.0,-1.0422142728256947,0.7421523856293365,1.7843666584550313
20.0,25.0,-1.0427539992669657,0.7420078604824462,1.7847618597494117
21.0,25.0,-1.04277805407539,0.7420004903822578,1.7847785444576476
22.0,25.0,-1.0427539992669657,0.7420078604824462,1.7847618597494117
23.0,25.0,-1.042900257526074,0.7419600790744213,1.7848603366004951
24.0,25.0,-1.0423912960122699,0.7421058214121463,1.7844971174244162
25.0,25.0,-1.0429212982061031,0.7419529368932039,1.784874235099307
26.0,25.0,-1.042900257526074,0.7419600790744213,1.7848603366004951
27.0,25.0,-1.0429212982061031,0.7419529368932039,1.784874235099307
28.0,25.0,-1.0427711722481294,0.7420025865384615,1.7847737587865908
29.0,25.0,-1.041006740926814,0.7422330374569013,1.7832397783837153
30.0,25.0,-1.0424076461135077,0.7421015446556463,1.784509190769154
31.0,25.0,-1.0405838929580324,0.7422211294081541,1.7828050223661864
32.0,25.0,-1.0409079057913404,0.7422302646091284,1.783138170400469
33.0,25.0,-1.0416324125604028,0.7422506785464241,1.7838830911068269
1.0,26.0,-1.0406242909500987,0.7422222568556132,1.7828465478057118
2.0,26.0,-1.0406225690587485,0.7422222219558131,1.7828447910145617
3.0,26.0,-1.041920337864888,0.7422295718231707,1.7841499096880589
4.0,26.0,-1.0427625787316106,0.7420052162709192,1.7847677950025298
5.0,26.0,-1.0421463596174667,0.7421703596015088,1.7843167192189755
6.0,26.0,-1.0407102420100593,0.7422246822468225,1.7829349242568817
7.0,26.0,-1.0405237440090218,0.7422194371647721,1.782743181173794
8.0,26.0,-1.0429623494143119,0.741938912716173,1.784901262130485
9.0,26.0,-1.0424076461135077,0.7421015446556463,1.784509190769154
10.0,26.0,-1.0412473893136658,0.7422398367648363,1.7834872260785022
11.0,26.0,-1.042900257526074,0.7419600790744213,1.7848603366004951
12.0,26.0,-1.04277805407539,0.7420004903822578,1.7847785444576476
13.0,26.0,-1.0427539992669657,0.7420078604824462,1.7847618597494117
14.0,26.0,-1.0429212982061031,0.7419529368932039,1.784874235099307
15.0,26.0,-1.0429445794657606,0.7419450053122074,1.784889584777968
16.0,26.0,-1.0429212982061031,0.7419529368932039,1.784874235099307
17.0,26.0,-1.0427539992669657,0.7420078604824462,1.7847618597494117
18.0,26.0,-1.04277805407539,0.7420004903822578,1.7847785444576476
19.0,26.0,-1.042900257526074,0.7419600790744213,1.7848603366004951
20.0,26.0,-1.04277805407539,0.7420004903822578,1.7847785444576476
21.0,26.0,-1.042900257526074,0.7419600790744213,1.7848603366004951
22.0,26.0,-1.0429212982061031,0.7419529368932039,1.784874235099307
23.0,26.0,-1.04277805407539,0.7420004903822578,1.7847785444576476
24.0,26.0,-1.042900257526074,0.7419600790744213,1.7848603366004951
25.0,26.0,-1.042900257526074,0.7419600790744213,1.7848603366004951
26.0,26.0,-1.0429212982061031,0.7419529368932039,1.784874235099307
27.0,26.0,-1.0427539992669657,0.7420078604824462,1.7847618597494117
28.0,26.0,-1.042900257526074,0.7419600790744213,1.7848603366004951
29.0,26.0,-1.0406105441217932,0.7422218870783661,1.7828324312001593
30.0,26.0,-1.0407970431016984,0.7422271422714227,1.783024185373121
31.0,26.0,-1.0415447533126587,0.7422482227161453,1.783792976028804
32.0,26.0,-1.0404532619114746,0.7422174551034598,1.7826707170149345
33.0,26.0,-1.0405967893813892,0.7422214986524979,1.7828182880338872
1.0,27.0,-1.0411262073515233,0.7422364122876844,1.7833626196392078
2.0,27.0,-1.0404859146987844,0.7422183731112102,1.7827042878099946
3.0,27.0,-1.0418627354793601,0.7422447708141158,1.784107506293476
4.0,27.0,-1.0406414885819002,0.7422227417243314,1.7828642303062316
5.0,27.0,-1.0405967893813892,0.7422214986524979,1.7828182880338872
6.0,27.0,-1.0408125176205245,0.742227578104395,1.7830400957249195
7.0,27.0,-1.0408434573247403,0.7422284482551922,1.7830719055799324
8.0,27.0,-1.0412826235276207,0.742240815024924,1.7835234385525447
9.0,27.0,-1.041205280014435,0.7422386565260342,1.783443936540469
10.0,27.0,-1.0405383426934616,0.742219857050718,1.7827581997441797
11.0,27.0,-1.0420208746842297,0.7422039310236899,1.7842248057079195
12.0,27.0,-1.04277805407539,0.7420004903822578,1.7847785444576476
13.0,27.0,-1.0429212982061031,0.7419529368932039,1.784874235099307
14.0,27.0,-1.042900257526074,0.7419600790744213,1.7848603366004951
15.0,27.0,-1.0429212982061031,0.7419529368932039,1.784874235099307
16.0,27.0,-1.042900257526074,0.7419600790744213,1.7848603366004951
17.0,27.0,-1.04277805407539,0.7420004903822578,1.7847785444576476
18.0,27.0,-1.042900257526074,0.7419600790744213,1.7848603366004951
19.0,27.0,-1.0429212982061031,0.7419529368932039,1.784874235099307
20.0,27.0,-1.0429158509445644,0.741954784567618,1.7848706355121824
21.0,27.0,-1.0429212982061031,0.7419529368932039,1.784874235099307
22.0,27.0,-1.0429212982061031,0.7419529368932039,1.784874235099307
23.0,27.0,-1.04277805407539,0.7420004903822578,1.7847785444576476
24.0,27.0,-1.0427539992669657,0.7420078604824462,1.7847618597494117
25.0,27.0,-1.042900257526074,0.7419600790744213,1.7848603366004951
26.0,27.0,-1.042905715577839,0.741958229627777,1.784863945205616
27.0,27.0,-1.042900257526074,0.7419600790744213,1.7848603366004951
28.0,27.0,-1.0427539992669657,0.7420078604824462,1.7847618597494117
29.0,27.0,-1.0421145570191268,0.7421787833665181,1.784293340385645
30.0,27.0,-1.0404532619114746,0.7422174551034598,1.7826707170149345
31.0,27.0,-1.0405967893813892,0.7422214986524979,1.7828182880338872
32.0,27.0,-1.0416152219634731,0.7422502169899537,1.783865438953427
33.0,27.0,-1.0414003574872146,0.7422441514473624,1.783644508934577
1.0,28.0,-1.0412826235276207,0.742240815024924,1.7835234385525447
2.0,28.0,-1.0418670538483226,0.7422435919432596,1.784110645791582
3.0,28.0,-1.0407033589137802,0.742224499484499,1.782927858398279
4.0,28.0,-1.0419555565579732,0.7422214442935132,1.7841770008514866
5.0,28.0,-1.0406105441217932,0.7422218870783661,1.7828324312001593
6.0,28.0,-1.0405237440090218,0.7422194371647721,1.782743181173794
7.0,28.0,-1.0411786364738453,0.7422378982854156,1.783416534759261
8.0,28.0,-1.0407420355229773,0.7422255843171857,1.782967619840163
9.0,28.0,-1.0425288253338145,0.7420699214999446,1.7845987468337592
10.0,28.0,-1.0406225690587485,0.7422222219558131,1.7828447910145617
11.0,28.0,-1.0404274735126784,0.7422167139013969,1.7826441874140753
12.0,28.0,-1.040651803485743,0.7422230470257919,1.782874850511535
13.0,28.0,-1.0428029863033783,0.7419927537025877,1.784795740005966
14.0,28.0,-1.0429158509445644,0.741954784567618,1.7848706355121824
15.0,28.0,-1.04277805407539,0.7420004903822578,1.7847785444576476
16.0,28.0,-1.0429212982061031,0.7419529368932039,1.784874235099307
17.0,28.0,-1.042900257526074,0.7419600790744213,1.7848603366004951
18.0,28.0,-1.04277805407539,0.7420004903822578,1.7847785444576476
19.0,28.0,-1.0429212982061031,0.7419529368932039,1.784874235099307
20.0,28.0,-1.0429212982061031,0.7419529368932039,1.784874235099307
21.0,28.0,-1.0429212982061031,0.7419529368932039,1.784874235099307
22.0,28.0,-1.0429212982061031,0.7419529368932039,1.784874235099307
23.0,28.0,-1.04277805407539,0.7420004903822578,1.7847785444576476
24.0,28.0,-1.0429212982061031,0.7419529368932039,1.784874235099307
25.0,28.0,-1.04277805407539,0.7420004903822578,1.7847785444576476
26.0,28.0,-1.0429212982061031,0.7419529368932039,1.784874235099307
27.0,28.0,-1.042900257526074,0.7419600790744213,1.7848603366004951
28.0,28.0,-1.0426534382136514,0.7420376107844199,1.7846910489980714
29.0,28.0,-1.042563202381825,0.7420609923060607,1.7846241946878858
30.0,28.0,-1.0409680576935005,0.7422319627302089,1.7832000204237093
31.0,28.0,-1.0412379405811076,0.7422395586320663,1.783477499213174
32.0,28.0,-1.0412026952354103,0.742238571353215,1.7834412665886252
33.0,28.0,-1.0414115411507319,0.742244470978632,1.7836560121293639
1.0,29.0,-1.0417071778968143,0.7422527891202133,1.7839599670170276
2.0,29.0,-1.0407703905857941,0.7422263760978451,1.7829967666836393
3.0,29.0,-1.0407325740062026,0.7422253248263476,1.7829578988325503
4.0,29.0,-1.0425064732948395,0.7420757527848514,1.7845822260796909
5.0,29.0,-1.0406225690587485,0.7422222219558131,1.7828447910145617
6.0,29.0,-1.0415559264501069,0.7422485344151687,1.7838044608652757
7.0,29.0,-1.0407884634902735,0.742226892912204,1.7830153564024775
8.0,29.0,-1.0413479523425562,0.7422426756372478,1.783590627979804
9.0,29.0,-1.0426053060418958,0.7420500512889664,1.7846553573308621
10.0,29.0,-1.0418025813508958,0.7422554912712703,1.784058072622166
11.0,29.0,-1.0413737165282406,0.7422433907343202,1.7836171072625608
12.0,29.0,-1.0406483523919074,0.7422229463230304,1.7828712987149378
13.0,29.0,-1.0419873695369017,0.7422129105211888,1.7842002800580905
14.0,29.0,-1.0419822157565917,0.7422142832663412,1.7841964990229329
15.0,29.0,-1.0425709339731426,0.7420589807422117,1.7846299147153544
16.0,29.0,-1.0427539992669657,0.7420078604824462,1.7847618597494117
17.0,29.0,-1.042900257526074,0.7419600790744213,1.7848603366004951
18.0,29.0,-1.0429212982061031,0.7419529368932039,1.784874235099307
19.0,29.0,-1.0423973272435085,0.7421042423479698,1.7845015695914783
20.0,29.0,-1.04277805407539,0.7420004903822578,1.7847785444576476
21.0,29.0,-1.04277805407539,0.7420004903822578,1.7847785444576476
22.0,29.0,-1.0429212982061031,0.7419529368932039,1.784874235099307
23.0,29.0,-1.0425649376645785,0.7420605416401534,1.784625479304732
24.0,29.0,-1.0423457647762002,0.7421177512591887,1.7844635160353888
25.0,29.0,-1.0427264976542765,0.7420162786896279,1.7847427763439043
26.0,29.0,-1.0429212982061031,0.7419529368932039,1.784874235099307
27.0,29.0,-1.0427539992669657,0.7420078604824462,1.7847618597494117
28.0,29.0,-1.0415774160262086,0.7422491482224763,1.783826564248685
29.0,29.0,-1.0415834202617438,0.7422493133638398,1.7838327336255837
30.0,29.0,-1.0407170945423996,0.742224901216097,1.7829419957584967
31.0,29.0,-1.04090188781379,0.7422300930787933,1.7831319808925832
32.0,29.0,-1.0416590583591767,0.7422514490955366,1.7839105074547135
33.0,29.0,-1.0419615898595425,0.742219828937571,1.7841814187971134
1.0,30.0,-1.0407437454539303,0.7422256333529945,1.782969378806925
2.0,30.0,-1.0414708287049828,0.7422461337054567,1.7837169624104394
3.0,30.0,-1.0407910278603207,0.7422269781404125,1.7830180060007332
4.0,30.0,-1.0430940225250889,0.7418933830634252,1.784987405588514
5.0,30.0,-1.043050269615935,0.7419086157648931,1.784958885380828
6.0,30.0,-1.0413144178178744,0.7422417292061284,1.7835561470240027
7.0,30.0,-1.0410926816615826,0.7422354845206582,1.7833281661822409
8.0,30.0,-1.0420208746842297,0.7422039310236899,1.7842248057079195
9.0,30.0,-1.0413419227516212,0.7422425156448558,1.783584438396477
10.0,30.0,-1.0422056770381063,0.7421546452166682,1.7843603222547744
11.0,30.0,-1.041056589304644,0.7422344515389614,1.7832910408436053
12.0,30.0,-1.0408039131660558,0.7422273399717552,1.783031253137811
13.0,30.0,-1.0417596053002538,0.7422542708965226,1.7840138761967763
14.0,30.0,-1.0405503755328507,0.742220184190146,1.7827705597229966
15.0,30.0,-1.0405503755328507,0.742220184190146,1.7827705597229966
16.0,30.0,-1.0424076461135077,0.7421015446556463,1.784509190769154
17.0,30.0,-1.041387472829228,0.7422437816193924,1.7836312544486206
18.0,30.0,-1.0417596053002538,0.7422542708965226,1.7840138761967763
19.0,30.0,-1.04277805407539,0.7420004903822578,1.7847785444576476
20.0,30.0,-1.042900257526074,0.7419600790744213,1.7848603366004951
21.0,30.0,-1.0429212982061031,0.7419529368932039,1.784874235099307
22.0,30.0,-1.0429212982061031,0.7419529368932039,1.784874235099307
23.0,30.0,-1.0429158509445644,0.741954784567618,1.7848706355121824
24.0,30.0,-1.0429212982061031,0.7419529368932039,1.784874235099307
25.0,30.0,-1.0429212982061031,0.7419529368932039,1.784874235099307
26.0,30.0,-1.0429212982061031,0.7419529368932039,1.784874235099307
27.0,30.0,-1.0427539992669657,0.7420078604824462,1.7847618597494117
28.0,30.0,-1.0408168098405117,0.7422276894894837,1.7830444993299954
29.0,30.0,-1.042705002706604,0.742022865164758,1.784727867871362
30.0,30.0,-1.0405641355278517,0.742220569935142,1.7827847054629937
31.0,30.0,-1.0405684272254143,0.7422206919701728,1.7827891191955871
32.0,30.0,-1.042088786891162,0.7421856335321632,1.784274420423325
33.0,30.0,-1.0414536453340852,0.742245651220056,1.7836992965541412
1.0,31.0,-1.0410204737551383,0.7422334312397348,1.783253904994873
2.0,31.0,-1.0407153836177976,0.7422248404940189,1.7829402241118166
3.0,31.0,-1.0421669955905406,0.7421648886844392,1.7843318842749798
4.0,31.0,-1.0415034987510503,0.742247059218445,1.7837505579694954
5.0,31.0,-1.0409818155162984,0.742232359076414,1.7832141745927124
6.0,31.0,-1.0415189710683455,0.7422474980219148,1.7837664690902604
7.0,31.0,-1.0406835824177683,0.7422239448152175,1.7829075272329857
8.0,31.0,-1.0407953131960146,0.7422270943177268,1.7830224075137413
9.0,31.0,-1.0404094187167676,0.7422162040333854,1.7826256227501531
10.0,31.0,-1.0408125176205245,0.742227578104395,1.7830400957249195
11.0,31.0,-1.0406371884004038,0.7422226431470901,1.7828598315474937
12.0,31.0,-1.0419761941009638,0.7422159087848673,1.784192102885831
13.0,31.0,-1.040838290602146,0.742228298502882,1.7830665891050281
14.0,31.0,-1.041995105640355,0.7422108413392128,1.7842059469795677
15.0,31.0,-1.040601947550338,0.7422216382499695,1.7828235858003074
16.0,31.0,-1.0406569268157906,0.7422231919571676,1.7828801187729582
17.0,31.0,-1.0406371884004038,0.7422226431470901,1.7828598315474937
18.0,31.0,-1.0421987786380067,0.7421564809658033,1.7843552596038101
19.0,31.0,-1.0414441869513,0.7422453790619777,1.7836895660132779
20.0,31.0,-1.0410136115026785,0.7422332388638728,1.7832468503665513
21.0,31.0,-1.0427024314326958,0.7420236583126205,1.7847260897453163
22.0,31.0,-1.0429212982061031,0.7419529368932039,1.784874235099307
23.0,31.0,-1.0427514167301024,0.7420086441268735,1.7847600608569758
24.0,31.0,-1.04277805407539,0.7420004903822578,1.7847785444576476
25.0,31.0,-1.0429212982061031,0.7419529368932039,1.784874235099307
26.0,31.0,-1.042900257526074,0.7419600790744213,1.7848603366004951
27.0,31.0,-1.0427539992669657,0.7420078604824462,1.7847618597494117
28.0,31.0,-1.0405838929580324,0.7422211294081541,1.7828050223661864
29.0,31.0,-1.041668508598816,0.7422516957707035,1.7839202043695195
30.0,31.0,-1.0404300636310584,0.7422168029347591,1.7826468665658175
31.0,31.0,-1.0411519932337188,0.7422371459809911,1.7833891392147099
32.0,31.0,-1.0404300636310584,0.7422168029347591,1.7826468665658175
33.0,31.0,-1.0411519932337188,0.7422371459809911,1.7833891392147099
1.0,32.0,-1.0407325740062026,0.7422253248263476,1.7829578988325503
2.0,32.0,-1.0407102420100593,0.7422246822468225,1.7829349242568817
3.0,32.0,-1.0411262073515233,0.7422364122876844,1.7833626196392078
4.0,32.0,-1.0410995596303376,0.7422356690036157,1.7833352286339532
5.0,32.0,-1.041368559345926,0.7422432552964984,1.7836118146424245
6.0,32.0,-1.0408125176205245,0.742227578104395,1.7830400957249195
7.0,32.0,-1.0406105441217932,0.7422218870783661,1.7828324312001593
8.0,32.0,-1.040603657195699,0.7422216803454584,1.7828253375411574
9.0,32.0,-1.0431791552278395,0.7418612986975279,1.7850404539253675
10.0,32.0,-1.041995105640355,0.7422108413392128,1.7842059469795677
11.0,32.0,-1.0405838929580324,0.7422211294081541,1.7828050223661864
12.0,32.0,-1.041649606143818,0.7422511883511022,1.7839007944949201
13.0,32.0,-1.0408486205166085,0.7422285915692203,1.783077212085829
14.0,32.0,-1.0420784685218079,0.7421883633401063,1.7842668318619141
15.0,32.0,-1.0409345527744729,0.742231021171506,1.7831655739459789
16.0,32.0,-1.0410204737551383,0.7422334312397348,1.783253904994873
17.0,32.0,-1.0404274735126784,0.7422167139013969,1.7826441874140753
18.0,32.0,-1.0406483523919074,0.7422229463230304,1.7828712987149378
19.0,32.0,-1.0419873695369017,0.7422129105211888,1.7842002800580905
20.0,32.0,-1.0406105441217932,0.7422218870783661,1.7828324312001593
21.0,32.0,-1.0406835824177683,0.7422239448152175,1.7829075272329857
22.0,32.0,-1.041649606143818,0.7422511883511022,1.7839007944949201
23.0,32.0,-1.041193235897783,0.7422383109728977,1.7834315468706805
24.0,32.0,-1.0410136115026785,0.7422332388638728,1.7832468503665513
25.0,32.0,-1.0429212982061031,0.7419529368932039,1.784874235099307
26.0,32.0,-1.0427093047187552,0.7420215383579887,1.784730843076744
27.0,32.0,-1.0406509351511974,0.7422230198577683,1.7828739550089656
28.0,32.0,-1.0410204737551383,0.7422334312397348,1.783253904994873
29.0,32.0,-1.0413410619738481,0.7422424694353665,1.7835835314092146
30.0,32.0,-1.0425382687368372,0.7420674641840721,1.7846057329209093
31.0,32.0,-1.040497087663308,0.7422186832394639,1.782715770902772
32.0,32.0,-1.041743284390013,0.7422538189124581,1.783997103302471
33.0,32.0,-1.0405383426934616,0.742219857050718,1.7827581997441797
1.0,33.0,-1.040821961217712,0.7422278389657285,1.7830498001834405
2.0,33.0,-1.0405770091740016,0.7422209413287937,1.7827979505027953
3.0,33.0,-1.0415885762616295,0.7422494521250833,1.7838380283867128
4.0,33.0,-1.0412774472931903,0.7422406807539316,1.7835181280471217
5.0,33.0,-1.0421618323709851,0.7421662585259222,1.7843280908969072
6.0,33.0,-1.040802202418375,0.7422272861325104,1.7830294885508855
7.0,33.0,-1.0405383426934616,0.742219857050718,1.7827581997441797
8.0,33.0,-1.0416031801522414,0.7422498723232847,1.783853052475526
9.0,33.0,-1.0415774160262086,0.7422491482224763,1.783826564248685
10.0,33.0,-1.0405383426934616,0.742219857050718,1.7827581997441797
11.0,33.0,-1.0407755624471384,0.7422265380548543,1.7830021005019927
12.0,33.0,-1.0412121499173954,0.7422388356730966,1.783450985590492
13.0,33.0,-1.0409947054146862,0.742232718728271,1.7832274241429573
14.0,33.0,-1.0404902141000412,0.7422184962200499,1.7827087103200911
15.0,33.0,-1.041006740926814,0.7422330374569013,1.7832397783837153
16.0,33.0,-1.0406887471736839,0.7422240828256236,1.7829128299993076
17.0,33.0,-1.0406483523919074,0.7422229463230304,1.7828712987149378
18.0,33.0,-1.0406105441217932,0.7422218870783661,1.7828324312001593
19.0,33.0,-1.0416238081544509,0.742250448668381,1.7838742568228318
20.0,33.0,-1.043060877881476,0.7419049477372136,1.7849658256186895
21.0,33.0,-1.0409947054146862,0.742232718728271,1.7832274241429573
22.0,33.0,-1.041368559345926,0.7422432552964984,1.7836118146424245
23.0,33.0,-1.040436073097981,0.7422169579468046,1.7826530310447857
24.0,33.0,-1.0408434573247403,0.7422284482551922,1.7830719055799324
25.0,33.0,-1.0415034987510503,0.742247059218445,1.7837505579694954
26.0,33.0,-1.0408486205166085,0.7422285915692203,1.783077212085829
27.0,33.0,-1.040463571827301,0.7422177305270629,1.782681302354364
28.0,33.0,-1.0423457647762002,0.7421177512591887,1.7844635160353888
29.0,33.0,-1.0405237440090218,0.7422194371647721,1.782743181173794
30.0,33.0,-1.0412293500386245,0.7422393225101842,1.7834686725488087
31.0,33.0,-1.0416848539183927,0.7422521734960558,1.7839370274144484
32.0,33.0,-1.0418025813508958,0.7422554912712703,1.784058072622166
33.0,33.0,-1.041368559345926,0.7422432552964984,1.7836118146424245
